iter	CrossEntropy
0	0.6518838822
1	0.5778979659
2	0.5496239143
3	0.5183312653
4	0.4697178454
5	0.4433844883
6	0.4254353395
7	0.4006315368
8	0.3784727957
9	0.3560301321
10	0.3213512866
11	0.3029915606
12	0.2886376817
13	0.2677960989
14	0.2569475058
15	0.233056579
16	0.2246576978
17	0.2167647967
18	0.1949355312
19	0.183096745
20	0.1743615325
21	0.1649098454
