iter	CrossEntropy
0	0.655268052
1	0.5809733447
2	0.5519631704
3	0.5199258094
4	0.4711656757
5	0.4338380402
6	0.4029464722
7	0.3658452875
8	0.335299361
9	0.3131839528
10	0.2966193405
11	0.2819870594
12	0.2622453652
13	0.2339668648
14	0.22376427
15	0.2077273575
16	0.1933880787
17	0.1864365783
18	0.1700640286
19	0.1648273094
20	0.1605223487
21	0.1450979943
