iter	CrossEntropy
0	0.6448475707
1	0.5803725299
2	0.5538809907
3	0.5269195332
4	0.4741848964
5	0.4379165126
6	0.4063348209
7	0.3683972826
8	0.3374991697
9	0.3183279598
10	0.2977284263
11	0.2826151754
12	0.2625707739
13	0.2342479556
14	0.2239329581
15	0.2076565238
16	0.1931263793
17	0.1866168228
18	0.1702269012
19	0.1649407031
20	0.1600642298
