iter	CrossEntropy
0	0.6540296218
1	0.5798728793
2	0.5539522358
3	0.5228513456
4	0.4737912346
5	0.4365089267
6	0.4059642717
7	0.3685861475
8	0.3377310061
9	0.316301832
10	0.2953933454
11	0.2810566846
12	0.2615333071
13	0.2333385617
14	0.2235521803
15	0.2078277363
16	0.1935741574
17	0.1866143545
18	0.1702245263
19	0.1649689768
20	0.1599686567
21	0.144686381
