iter	CrossEntropy
0	0.6516186583
1	0.5777582281
2	0.5489170972
3	0.5174360088
4	0.4688236012
5	0.4318779216
6	0.4014572443
7	0.3643457375
8	0.3339510899
9	0.3170619291
10	0.2973287994
11	0.282609229
12	0.2629221374
13	0.2345604429
14	0.22440757
15	0.2082628923
16	0.1937660703
17	0.1869228213
18	0.1705046448
19	0.1652595857
20	0.1601828033
21	0.1448390531
