iter	CrossEntropy
0	0.6519001979
1	0.5779204275
2	0.5500140845
3	0.5180682014
4	0.4687950284
5	0.432881
6	0.4019634022
7	0.3647694307
8	0.3342429142
9	0.3101724737
10	0.2891337264
11	0.2725761638
12	0.2597363416
13	0.2459490533
14	0.2297167685
15	0.2134771908
16	0.2060092851
17	0.1875503016
18	0.1814534991
19	0.1764917
20	0.1592946894
21	0.149820066
