iter	CrossEntropy
0	0.6517390831
1	0.5778903587
2	0.5494953604
3	0.5175711688
4	0.4690487432
5	0.4319324867
6	0.4011834088
7	0.3643528433
8	0.3339029948
9	0.3120793361
10	0.2955220727
11	0.2809137083
12	0.2612360038
13	0.233087521
14	0.2233177821
15	0.2074473138
16	0.1932227004
17	0.1863575169
18	0.1700093138
19	0.1647380006
20	0.1598464554
