iter	CrossEntropy
0	0.6511433899
1	0.5772382078
2	0.5480081093
3	0.5160392917
4	0.4677011132
5	0.4307728352
6	0.4001570638
7	0.3628484767
8	0.3325541304
9	0.3106168462
10	0.2984846906
11	0.2789637275
12	0.2605530006
13	0.2471284116
14	0.2352141944
15	0.2214588514
16	0.204854236
17	0.1979114672
18	0.1845048544
19	0.172765116
20	0.1653358733
21	0.1560863925
