iter	CrossEntropy
0	0.6518699282
1	0.5779679865
2	0.5492477216
3	0.5179896502
4	0.4693957558
5	0.4430124149
6	0.4248473196
7	0.4002281392
8	0.3782792208
9	0.3564106953
10	0.3217470105
11	0.3020646543
12	0.2882979666
13	0.2673508377
14	0.2565128693
15	0.2326568423
16	0.2243216468
17	0.2165350024
18	0.1945319548
19	0.1826804394
20	0.1743519388
