iter	CrossEntropy
0	0.6513303869
1	0.5778620103
2	0.5519144395
3	0.5202622507
4	0.4714781817
5	0.4449287115
6	0.426560271
7	0.4019213658
8	0.3796037786
9	0.3571716757
10	0.322465186
11	0.3031040266
12	0.2885687211
13	0.2678201339
14	0.2567646737
15	0.232950809
16	0.2247039945
17	0.2169914994
18	0.1950119243
19	0.1831161088
20	0.1742318097
